image_001.jpg,1079.6681,587.688,-329.95087,1079.899,572.6278,-325.64798,1079.7123,570.99664,-325.6534,1079.4335,569.20184,-325.82462,1075.7196,572.4967,-355.3172,1072.7374,570.7318,-355.37265,1069.3243,568.87494,-355.28674,1063.1926,554.89307,-260.06747,1047.433,557.252,-392.53787,1070.558,590.8062,-296.8779,1066.0228,589.9385,-335.16104,1015.2406,524.0996,-156.29248,947.9324,558.07477,-362.58765,982.9171,524.0913,37.185566,849.1864,560.79834,-272.04184,1019.2518,579.6058,141.61778,906.5719,639.1699,-155.00731,1041.716,590.2893,141.87738,925.45734,655.1954,-176.97002,1038.2522,590.281,112.73732,937.9327,648.99194,-184.0399,1028.3947,587.555,131.72046,934.6695,642.46423,-156.46353,852.55853,499.4199,83.22758,818.0367,524.2236,-82.931404,749.8835,487.44473,262.9285,721.41034,507.93054,125.9483,665.243,466.75885,478.97345,639.0311,481.79858,328.6152,639.7039,455.9792,503.79602,627.127,470.83633,352.22626,661.4614,508.76584,504.70807,636.91034,526.4765,328.94022
image_002.jpg,1366.4751,879.1371,-732.1273,1390.2391,859.09985,-709.62573,1391.979,857.7561,-709.6739,1394.0623,856.1484,-709.9747,1380.6014,855.81586,-770.20276,1376.5645,848.38806,-770.42773,1369.6827,843.38184,-770.41693,1347.004,809.0251,-534.5042,1313.9741,794.19885,-803.6979,1339.845,881.5352,-651.5227,1330.4681,876.5637,-729.5488,1253.0193,724.5753,-314.32077,1088.6077,759.18884,-745.70435,1167.2883,670.34424,39.506744,880.3771,681.1294,-599.6946,1194.443,832.338,204.1407,932.41003,881.80383,-490.14667,1224.8705,852.17444,197.8687,961.034,909.0433,-560.63763,1231.8557,858.6233,149.88335,980.9324,902.08154,-556.76306,1211.3921,854.8267,186.75365,976.5897,890.5112,-488.49203,915.9229,713.61444,156.0733,855.4534,715.9796,-156.11714,699.3809,704.61505,612.9472,674.0507,721.52966,334.4919,596.48584,678.4605,1104.2045,518.7704,665.40674,841.93353,550.6683,647.3937,1160.1534,506.3958,639.04376,898.4693,560.51013,751.64984,1138.4778,498.17465,746.02216,853.0274
image_003.jpg,1139.0293,867.77185,-804.2352,1160.2585,839.42096,-771.4786,1162.1003,838.78217,-771.5216,1163.9534,838.14594,-771.80835,1150.3773,833.524,-835.63434,1143.9473,829.0198,-835.8933,1135.7948,823.03156,-835.9092,1123.5054,795.9067,-564.31226,1078.4507,780.614,-850.6197,1113.3071,879.0115,-713.4205,1098.8104,872.8179,-796.3614,992.6953,729.846,-310.03412,855.6318,765.47095,-805.60645,853.8667,678.7571,67.52707,613.8556,704.9086,-674.3029,837.3879,818.38306,227.51817,681.85345,900.41113,-549.4388,858.0461,852.9566,227.57227,711.844,925.8755,-622.22845,873.0227,861.97437,163.92996,735.9252,917.8571,-612.668,858.1007,856.5128,204.45262,729.3875,905.9095,-545.0633,666.5904,714.87,170.98218,607.5353,725.5523,-171.0305,448.52655,720.82745,652.0779,420.80075,745.13324,331.97803,332.16455,697.75977,1180.5134,254.59364,686.8636,868.81024,296.8102,667.156,1239.8793,241.24852,661.047,929.004,310.83777,778.2241,1223.2422,236.72398,775.5238,883.30804
image_004.jpg,1334.5137,804.5427,-925.4313,1362.4574,778.05,-894.7576,1366.3021,778.3146,-894.77844,1370.5853,778.58844,-895.19037,1346.9282,767.7869,-965.10095,1338.5771,759.6453,-965.43774,1327.6914,749.3474,-965.3904,1307.2219,738.70966,-675.364,1267.2742,703.6695,-985.33215,1305.7534,816.58923,-826.6409,1289.6503,803.7155,-916.5867,1188.6013,650.35693,-399.99707,1024.1272,688.7929,-909.3757,1040.1897,615.2285,25.312748,738.6826,625.69934,-725.218,1039.2574,769.97955,220.92973,833.72894,850.5471,-546.64966,1060.3951,798.1488,223.53503,868.3658,882.35535,-617.3194,1073.6206,805.746,158.91437,892.4101,874.2077,-612.8135,1054.9388,799.6243,198.42242,884.9928,858.83685,-543.61707,806.8126,623.3665,186.11243,734.7506,624.39124,-186.08693,559.95166,620.4972,691.86755,477.93445,642.0757,369.20996,397.69464,597.5179,1245.0509,322.45636,588.0095,919.58765,364.43198,563.1904,1307.922,298.85864,548.25006,981.4696,381.1168,697.9202,1296.2316,304.15317,699.12665,933.6417
image_006.jpg,1098.8865,809.02716,-486.97913,1115.6849,816.6809,-501.30203,1116.2399,821.3876,-501.36462,1116.7341,826.07947,-501.6062,1114.7365,805.15015,-494.0321,1114.5745,801.0265,-494.1235,1114.4092,796.96075,-494.26242,1114.6746,831.729,-469.97968,1111.3744,793.16956,-436.79468,1087.6654,816.24615,-464.52054,1086.8644,801.215,-454.97522,1053.5961,852.89264,-420.97086,1047.3785,763.83716,-285.88956,928.00946,883.7882,-366.12323,943.6189,748.9084,-149.95744,836.7541,839.91956,-324.52896,909.8272,757.493,-82.66657,811.98175,841.70154,-349.03082,900.3897,759.62714,-75.569176,816.8177,823.56537,-355.0906,909.1627,755.25714,-99.67049,827.30005,821.61285,-323.6993,912.9415,757.9144,-90.19962,898.3382,807.10315,-40.38216,897.0617,770.51636,40.376778,881.34784,777.67004,148.74678,855.155,778.35754,239.88667,881.0623,789.42017,434.09265,878.8286,782.2608,527.9164,882.7158,796.8885,465.9726,881.56665,786.5578,563.1118,865.91815,783.3384,480.66913,871.09595,766.731,588.3978
image_007.jpg,1444.039,816.3136,-991.91675,1452.7432,788.3627,-967.6555,1453.6006,786.91486,-967.7119,1454.2849,785.1345,-968.0671,1438.5186,784.64026,-1035.8826,1429.1576,780.11755,-1036.2006,1418.218,774.514,-1036.2762,1416.5039,754.9393,-750.012,1369.4968,742.85114,-1054.0188,1422.5929,833.2321,-889.7579,1402.4391,829.4717,-978.5528,1349.143,715.61536,-463.4302,1140.7596,717.5017,-955.9214,1275.036,710.70557,-30.747622,916.686,665.2454,-739.787,1323.1877,837.8158,137.18488,989.99097,867.476,-533.6261,1374.8721,870.74884,131.1443,1006.04553,899.32025,-604.80853,1357.5863,871.2505,67.563515,1034.4325,892.34534,-608.6379,1336.139,860.27576,113.97823,1032.3994,879.17303,-533.0419,998.7497,669.0676,187.4277,893.8272,672.07715,-187.29141,827.56573,694.0408,797.7467,750.9838,713.3325,434.1223,702.0565,703.6685,1504.211,629.9847,682.5551,1099.6166,671.9358,686.0593,1587.0164,612.9851,649.1836,1176.006,682.0849,780.41394,1598.319,608.19946,782.9864,1127.904
image_008.jpg,1427.9205,838.55963,-1063.0948,1441.0411,807.4073,-1039.9785,1442.227,804.77234,-1040.0345,1443.2881,802.0823,-1040.3567,1429.7379,807.58276,-1106.6615,1422.7361,804.58545,-1106.9574,1414.7501,800.94086,-1107.0392,1414.1682,773.19727,-815.2985,1369.8208,766.7366,-1113.1466,1409.6078,851.43585,-956.9552,1395.8856,850.6671,-1043.7764,1347.7858,717.10693,-518.4737,1136.0748,735.68494,-994.3553,1294.3527,708.3928,-76.05109,898.3608,682.9142,-770.9222,1361.5586,854.37897,109.90412,981.74915,880.90497,-584.4775,1399.7317,872.6998,103.67445,1000.2491,908.29333,-659.01074,1376.8785,876.0347,35.288113,1027.9662,901.6999,-667.79224,1353.6514,867.35443,84.99001,1028.2731,888.73694,-586.2637,1018.7826,663.3591,179.89067,922.9893,687.7745,-179.85431,825.1328,690.7621,815.7969,751.98773,710.4558,451.52808,710.7132,701.228,1552.5815,635.8043,699.1811,1155.8473,676.615,690.81903,1639.1096,614.4701,668.15295,1237.3883,694.00104,788.0501,1638.4469,614.30634,785.335,1178.2533
image_009.jpg,1421.6212,866.402,-1017.6661,1435.2244,841.1308,-997.1963,1436.7247,838.2708,-997.22955,1438.2164,835.39,-997.52356,1425.2202,842.1762,-1064.4056,1419.9369,839.51666,-1064.6407,1414.3425,836.318,-1064.762,1413.2919,802.933,-783.7957,1379.095,800.60266,-1086.8322,1403.861,871.4528,-917.1592,1390.9575,870.6793,-1005.17224,1334.8756,717.0639,-480.59247,1145.4972,754.7386,-998.12854,1313.228,753.02966,-46.482307,917.81036,709.92786,-803.6104,1385.102,887.59534,147.19473,976.68665,907.0119,-653.7074,1428.4568,911.8173,143.8718,993.0758,934.97473,-731.0565,1406.2904,907.9418,69.28079,1022.57654,927.11035,-744.9921,1377.9471,899.7293,120.496414,1020.8932,915.0831,-657.40497,1025.2671,726.5292,193.08592,931.50745,734.7283,-193.08606,885.38806,710.8914,756.27686,683.62164,734.6518,228.02362,752.11584,726.0792,1486.2938,642.8014,749.7311,1020.6992,723.187,708.2949,1572.9556,640.9489,718.85834,1116.5437,729.34753,808.1579,1617.6235,609.8496,835.77124,1115.8938
image_010.jpg,1111.8613,846.40625,-942.0918,1140.4546,823.37195,-955.8864,1154.5674,820.6416,-955.99756,1171.7544,817.6272,-956.47595,1100.9358,819.66974,-992.4989,1088.3475,812.88074,-992.7118,1076.6257,804.9082,-992.77637,1176.6858,764.2958,-847.7039,1043.7158,732.5007,-1004.9634,1110.1141,845.47815,-876.5567,1073.5004,841.2428,-922.1233,1178.8834,626.9431,-625.5491,826.67474,657.5706,-789.0775,1256.9094,640.6965,-214.38345,526.1384,595.04596,-517.6446,1259.3759,830.90643,-27.399895,610.5679,857.1499,-418.13174,1287.2166,852.9854,-50.22411,623.3861,887.48865,-479.36465,1269.2574,860.986,-93.58116,675.49756,883.60297,-518.57623,1250.9697,854.7923,-38.95808,673.1387,871.67126,-434.90573,847.8301,560.61194,102.4216,697.26746,558.06586,-101.62023,752.60693,649.5312,567.0432,530.6758,609.65594,296.416,611.94604,616.09406,1176.0242,474.21976,625.32556,873.4435,582.9914,597.3736,1246.9886,457.41727,612.2046,942.18774,580.19055,693.8818,1293.7828,475.9401,720.1287,908.0799
image_011.jpg,955.87604,749.8796,-1273.431,971.5011,712.5529,-1297.8772,986.1794,706.0245,-1297.757,1000.6127,700.02924,-1297.669,925.6801,715.26105,-1302.7843,908.9623,710.54694,-1302.9214,893.1073,704.43054,-1303.0063,1022.0568,689.16907,-1108.0714,875.2979,684.7526,-1136.4266,986.90643,763.5977,-1170.1238,927.52704,762.5925,-1178.7993,1151.0526,731.53516,-782.2741,814.3149,723.9432,-825.9977,1312.4084,592.4073,-880.6879,701.0092,577.41907,-1085.6516,1200.0516,740.14215,-1112.4941,757.99817,727.1866,-1366.8331,1260.2462,765.78284,-1144.7277,730.0819,751.9453,-1418.021,1195.427,772.26056,-1166.314,757.00696,757.294,-1380.9331,1192.3289,752.1527,-1113.917,777.08484,743.41095,-1354.6306,1061.2609,455.5864,70.848595,858.78595,471.43555,-71.85237,1006.2131,302.3807,-122.913765,603.1721,225.73686,-155.31868,920.68396,128.90964,-647.5662,723.47034,235.18408,-528.52563,910.9303,109.37771,-696.88794,770.9676,262.57657,-554.04736,867.80054,67.49569,-739.3778,723.47595,166.85608,-462.91104
image_014.jpg,1065.5275,645.12256,-2882.287,1095.8063,603.33435,-2898.4832,1112.9603,597.90564,-2897.9963,1128.762,589.9909,-2898.1707,1034.6793,599.0941,-2898.0557,1021.34753,595.84485,-2898.2856,1008.94946,592.10254,-2897.6978,1152.2931,552.90674,-2545.9841,971.0962,554.48157,-2538.1665,1091.5417,669.5073,-2702.8418,1038.0641,667.6466,-2701.9827,1246.299,564.55865,-1866.676,875.1511,586.62,-1937.1128,1416.8889,630.47406,-1291.8662,698.70496,599.03156,-1447.527,1451.3578,781.88293,-913.2363,685.4388,778.87103,-1058.0342,1490.1503,820.0227,-939.83417,656.4912,811.72144,-1114.0481,1448.1904,823.93195,-1004.8433,707.0521,815.6308,-1149.4072,1425.6505,814.6712,-923.30975,723.6123,806.2952,-1060.5051,1161.632,620.10547,-13.411475,951.95685,627.66876,13.695651,1231.9999,584.60455,1171.6002,869.5995,585.53406,761.6085,1205.6626,569.7371,2551.1829,902.76843,598.7956,2115.6057,1190.1237,560.07764,2701.826,920.9936,579.95575,2266.1914,1213.0269,611.4514,2701.1033,911.4195,677.8476,2244.636
image_015.jpg,665.88446,799.91504,-791.62195,671.34064,776.27625,-836.94775,679.43494,773.5764,-836.9755,688.1804,770.10693,-837.2617,653.97064,773.8051,-797.8868,651.0402,769.6687,-798.10187,648.5841,765.38916,-798.1083,722.6137,734.64264,-858.6707,672.3247,734.6381,-689.30505,709.5564,804.6231,-778.0386,690.8319,795.76166,-728.6262,937.75934,714.6842,-733.22437,733.1174,656.64185,-474.52084,1175.8777,708.79224,-596.16864,762.1432,672.9233,-120.095085,1129.1257,892.88934,-474.85724,701.625,791.4702,46.530876,1130.2572,930.3053,-537.61145,661.12744,808.5745,40.20216,1094.2473,925.2268,-543.0131,686.47284,811.6966,-9.251044,1090.338,911.098,-478.50568,708.8981,809.2468,32.089634,1089.603,654.1634,-110.645615,995.44775,615.9361,110.730804,1203.6532,659.14825,390.60382,1118.6354,617.61993,578.3882,1267.4518,627.2066,941.1202,1215.5232,609.9982,1147.3368,1287.909,603.1489,1002.464,1246.1793,587.3378,1214.9442,1250.1985,694.1222,1007.27167,1221.3116,672.509,1253.6864
image_016.jpg,569.63727,770.2503,-631.6438,540.3004,751.2761,-684.57837,542.7147,744.0681,-684.4995,545.81226,736.38934,-684.5359,535.2185,761.29736,-637.16846,533.77997,761.2868,-637.23303,532.0243,761.4087,-637.2222,563.40674,690.2097,-756.9142,543.44275,710.454,-552.70166,607.5418,744.3067,-637.1345,601.9512,757.8941,-577.99945,790.95624,644.0135,-736.1576,627.5056,549.91614,-328.05527,1021.0628,641.36194,-631.72266,632.9668,474.23807,88.977585,971.916,815.4488,-437.66162,628.4969,581.7015,365.4662,943.75525,845.08856,-473.91318,618.3177,611.8143,375.77213,912.8718,838.9289,-475.7956,617.6216,613.48755,339.71176,919.4124,829.53436,-433.05927,640.3465,608.9733,356.17426,1064.7441,550.3924,-160.01129,995.617,506.38104,159.93388,1258.0138,547.9841,341.71808,1188.8865,512.3746,593.1124,1385.0767,472.2712,772.53723,1360.806,459.89395,1037.6797,1415.9915,440.6216,820.05743,1398.6443,432.40314,1084.8353,1378.284,555.20593,824.7141,1355.5853,548.61725,1117.5532
image_017.jpg,496.4233,510.2159,357.29047,478.59943,502.92487,280.75693,478.38342,507.52878,280.65012,478.44336,512.5101,280.5201,483.6477,487.95108,297.25916,486.80078,481.63028,297.19846,490.1914,475.25037,297.00742,497.76242,516.07806,48.477657,513.7641,465.28064,116.72614,519.34674,524.2957,290.22852,524.86163,508.4625,309.15845,609.2449,609.44354,-106.92934,675.36163,419.2016,149.08559,778.65564,636.92865,131.39316,829.48987,346.9645,381.9339,751.5318,673.7129,594.626,771.5515,371.7167,736.4028,730.62695,675.653,651.27356,753.79004,369.54294,798.1839,718.45917,661.00256,647.9734,736.4128,386.01608,804.98627,727.14453,658.5658,610.3597,741.24255,387.83994,749.8531,1043.8384,611.42145,-121.10069,1052.05,499.87085,120.843544,1386.2728,597.0323,-68.8922,1367.9124,538.2817,142.20532,1689.3878,589.32306,-80.00371,1663.4728,501.48196,167.01071,1718.0289,568.82007,-80.71059,1717.1066,485.19504,167.0088,1699.0042,636.36694,-130.036,1681.1057,549.97375,117.71062
image_018.jpg,498.91223,509.18484,357.18616,480.94287,501.12552,279.86273,480.47946,505.62384,279.74695,480.31238,510.6444,279.62543,485.5073,486.43527,303.39154,488.13464,480.11835,303.3005,491.19443,473.8156,303.04718,497.07047,512.39813,43.808113,512.4892,462.36478,141.77594,518.9166,521.6523,288.38205,525.1293,506.35236,315.9359,608.0271,607.6805,-149.00926,677.69403,411.2228,195.98964,775.6271,644.43243,34.88842,835.064,345.4535,384.86487,743.7781,654.1756,475.4162,781.54266,401.54242,665.8588,718.93884,651.71655,525.1796,760.1026,406.6425,724.2328,701.6866,627.3581,527.83,755.1406,423.5888,727.67194,709.6604,616.6127,492.47464,759.40393,422.69183,674.6357,1044.5309,607.9868,-152.38681,1056.5542,495.89172,152.17572,1391.0768,601.10645,-110.33288,1371.665,539.9468,166.43118,1695.3667,585.5939,-124.87926,1673.4099,502.24228,182.12753,1737.3094,568.2169,-125.7699,1732.6078,481.3946,180.78815,1691.8135,654.54095,-178.45857,1678.3678,552.10974,134.9976
image_020.jpg,343.60663,789.04114,-279.653,330.34125,766.05255,-346.34863,333.03503,764.5655,-346.55746,336.27365,762.86316,-346.73395,328.14847,760.8076,-261.9203,329.19296,755.29803,-261.86703,330.91846,749.2069,-261.86255,369.73395,734.9176,-492.34372,365.99927,714.1821,-125.66211,375.2914,791.6931,-318.4975,373.39038,786.3221,-211.41937,588.3511,758.6063,-584.05835,554.2086,622.11584,174.92203,853.02466,748.4127,-509.98416,777.64746,617.75104,458.73935,776.27997,969.22125,-338.13364,714.3005,774.8283,633.5183,724.285,1006.8262,-396.01703,660.079,784.93506,674.79565,701.1786,990.9656,-352.19318,652.93933,798.4767,613.46497,712.9074,975.8818,-316.30368,671.71893,803.0565,612.4804,1057.0028,716.23456,-240.0561,1031.9685,650.32196,240.69168,1382.9214,743.7124,91.74765,1358.6963,702.8856,517.2498,1694.4573,749.2058,404.02875,1639.7366,722.7892,859.19446,1763.0608,726.47754,431.0377,1696.6805,701.62146,888.57605,1649.9283,881.75146,326.75427,1611.8756,841.79535,826.9365
image_021.jpg,1598.6476,763.07025,-41.08222,1628.9581,741.83606,-10.61642,1628.9843,736.95483,-10.751644,1629.1456,732.3325,-10.85036,1629.6825,743.3731,-101.88257,1630.0831,739.2401,-101.90849,1630.5251,735.29913,-101.885994,1624.739,690.7083,162.98016,1622.7799,698.8443,-243.90092,1570.5869,748.1361,36.177322,1572.622,749.2811,-81.85034,1437.3877,588.6211,401.6378,1468.7339,643.50525,-413.50763,1204.129,550.65704,539.3989,1244.2345,614.9338,-530.53455,1250.5814,696.81964,429.8398,1289.6738,800.3276,-434.36935,1283.4263,713.08624,422.34338,1357.6681,816.6731,-485.4234,1316.5038,717.3225,363.87317,1367.734,800.70636,-435.43118,1297.4729,715.8466,396.55792,1348.1458,792.4344,-409.1698,997.10657,615.99445,257.01465,992.7601,665.52716,-256.32373,646.3767,636.15924,250.70743,637.45856,658.3724,-217.02663,300.13974,613.62726,336.71698,275.7918,630.39307,-172.81563,241.97192,573.00494,330.29794,219.24146,587.19604,-177.74652,216.18227,743.08105,204.32993,183.15549,771.62585,-350.41977
image_022.jpg,1611.4929,919.54126,-509.8669,1648.0269,898.51807,-490.46292,1649.3248,895.2179,-490.50574,1651.1655,891.5726,-490.84946,1643.0654,888.75275,-566.7645,1640.641,878.6837,-566.9538,1638.5172,867.68634,-566.775,1625.7675,826.887,-310.2015,1613.2083,807.33136,-648.7092,1572.8823,901.42487,-422.353,1567.6027,888.1512,-519.5568,1433.4799,682.90234,-97.03446,1355.639,701.97644,-623.36,1216.371,585.2596,241.81781,1011.93787,657.2046,-498.3407,1290.7185,817.7461,356.1791,1046.2646,901.66925,-271.34637,1321.1139,840.9732,345.6948,1084.7903,943.3724,-304.45752,1331.0948,851.1814,296.6,1120.9268,931.44885,-295.94006,1314.6393,847.065,335.73984,1111.7146,917.6792,-261.59863,924.9324,686.5032,214.3473,873.92487,711.66754,-214.02133,588.61646,697.0063,484.36072,524.0777,747.7218,80.83421,304.28766,644.12866,777.4716,217.84201,674.82745,328.6922,265.21838,609.4224,804.26794,177.94653,630.93536,353.38263,291.4377,771.69104,809.857,205.95828,801.52386,299.21725
image_023.jpg,1623.812,739.4934,-66.15692,1651.0016,720.638,-37.76942,1651.2703,716.5057,-37.959084,1651.8016,711.8145,-38.088367,1651.3779,723.33203,-127.36127,1651.7279,721.13556,-127.41423,1652.3258,718.5711,-127.58805,1640.0717,675.1292,129.31964,1640.9219,690.1579,-275.28558,1591.6494,729.0315,8.024234,1592.2073,731.3187,-109.32042,1440.7954,580.57513,373.64334,1483.2535,644.6434,-428.26227,1212.0325,554.3953,531.52,1253.9446,621.39166,-673.3104,1237.698,698.0388,505.54486,1290.6763,800.57996,-774.3842,1278.7264,702.42395,523.9553,1352.1661,820.52673,-851.52356,1292.7031,716.1457,455.01248,1361.2058,805.96216,-773.559,1276.4456,719.53973,472.91672,1342.8939,799.0698,-746.21094,1000.20905,607.7904,243.61594,1004.88513,648.66003,-243.17139,658.9933,643.82074,265.78107,647.1242,650.8856,-191.93362,311.15668,629.8851,404.49677,294.18524,633.10333,-72.73242,257.1147,586.4824,403.95068,241.23105,586.7422,-69.01154,211.99985,736.5236,253.55742,190.34448,750.85876,-250.07335
image_024.jpg,294.71048,791.25006,-975.9202,250.52267,775.2332,-1052.0554,252.63806,767.967,-1052.1636,255.12457,759.5,-1052.5525,243.63951,781.2318,-964.5695,241.2375,779.0057,-964.79175,238.583,776.19745,-965.0385,281.22952,697.79755,-1173.0782,260.6637,717.73804,-787.0259,337.55286,762.07947,-995.4199,327.6376,775.1299,-884.1261,552.96576,622.5046,-1178.6802,389.25052,625.7397,-403.59854,907.28613,641.2776,-1205.7368,551.8731,685.5381,68.15175,892.8552,902.2389,-1195.3789,485.80576,821.07153,324.19165,868.82623,945.7484,-1315.5703,423.04706,861.60284,351.7377,832.95557,936.1145,-1298.9019,425.6064,854.49646,280.1718,838.8437,920.5529,-1190.0317,456.02332,839.0629,301.5102,934.0354,617.5549,-254.80225,862.80194,634.31903,254.57147,1254.2794,652.31683,269.58832,1166.7314,647.47076,825.0002,1472.3062,650.0037,919.6594,1375.6157,621.44025,1538.1589,1512.8147,620.16046,979.96844,1424.0996,591.43933,1616.3756,1466.3917,765.1789,838.50024,1403.8351,738.7201,1562.8373
image_025.jpg,1270.2063,985.8066,-1570.9583,1274.9359,950.30896,-1578.6896,1282.8616,940.91864,-1578.8971,1290.3126,931.61945,-1579.5028,1249.2926,969.9686,-1601.2738,1239.5533,971.9423,-1601.3666,1229.6134,974.1261,-1601.4116,1283.395,868.9339,-1378.1936,1191.0527,937.56696,-1475.6088,1265.9209,954.957,-1466.1212,1239.6321,972.6309,-1494.5707,1250.5476,693.6886,-990.43304,999.29626,882.3771,-1164.224,1178.3438,546.5816,-519.3746,738.0865,816.9528,-941.87823,1164.1282,724.82764,-178.2096,597.6261,859.5637,-789.6131,1191.3773,733.97015,-159.81616,578.9713,922.80164,-827.8803,1177.3505,766.3668,-207.38028,625.23645,929.12555,-844.93866,1154.5844,771.0749,-180.04272,638.19867,904.2909,-788.32935,922.72473,648.2858,22.474073,831.43085,711.5541,-21.724348,688.9863,544.4039,575.12024,625.30145,572.3214,584.5635,461.57782,457.23193,1321.8934,408.9133,452.87866,1329.7706,421.4346,445.40546,1400.6688,379.67673,447.73947,1408.2515,436.62888,484.99146,1332.6869,389.9328,482.25714,1316.6936
image_026.jpg,1611.8905,798.8865,-87.26697,1642.9382,783.6995,-62.30811,1644.4979,780.0378,-62.38025,1646.3789,776.52203,-62.49804,1643.9371,784.2568,-147.22131,1646.1141,780.7555,-147.17064,1648.5786,776.5518,-147.01195,1640.7223,732.90283,110.890335,1641.9685,738.3335,-278.386,1584.199,783.37225,-10.244427,1584.493,782.37726,-122.59833,1445.3826,616.234,325.1217,1507.7103,675.67847,-406.2998,1259.9624,589.25867,627.6341,1311.3752,645.47577,-766.27313,1266.6991,699.9352,720.1981,1329.6572,824.3535,-977.0216,1298.5251,719.48987,748.8478,1380.2631,853.5704,-1052.683,1317.5018,716.3255,682.2673,1391.2262,837.9318,-984.9092,1309.4473,720.4481,694.02136,1374.5288,824.74036,-952.145,1004.76447,638.49225,231.14928,1012.70807,693.94916,-230.77788,664.6566,663.78467,316.1215,658.16565,702.9223,-115.93321,342.0291,642.7636,465.1833,303.4582,664.68005,16.112978,290.32602,604.58014,468.37772,245.66872,627.2753,24.72947,293.73407,762.8446,360.8405,244.2092,808.5306,-110.337204
image_028.jpg,554.5775,798.623,-609.8041,517.4825,785.4508,-662.8331,520.47314,779.49054,-662.985,524.10986,772.96246,-663.3243,509.08435,789.20544,-600.78406,506.40027,786.16943,-600.8846,504.32437,783.16534,-601.0368,540.31226,702.3586,-755.8434,516.4698,723.3917,-483.6045,592.73737,769.2807,-626.00604,579.2912,775.15814,-546.6891,800.9172,596.90485,-706.2445,635.32104,570.9482,-233.74341,1175.8982,543.5928,-698.65186,811.84485,606.2909,131.52399,1178.7384,836.24567,-699.1309,737.1299,772.303,387.99774,1146.9175,879.0607,-769.4761,694.9397,806.01263,424.2637,1111.5055,870.1381,-719.8634,696.8734,806.64294,368.2386,1116.6556,857.89197,-679.19775,717.6443,794.45667,372.94168,1223.5802,567.9022,-162.96696,1117.922,563.0342,163.08678,1564.3358,610.1436,201.1854,1421.3787,581.94965,514.51587,1800.197,562.50464,538.59186,1645.4447,541.9866,899.0127,1841.5942,522.8176,566.3549,1689.0326,509.53546,941.3577,1829.6836,697.58136,471.76447,1695.6456,629.39404,933.409
image_029.jpg,1506.2605,798.42816,-32.383835,1534.3081,783.6737,-0.8231551,1534.9849,781.52795,-0.8265865,1535.8351,779.3509,-0.8176428,1534.6273,781.51263,-68.30783,1535.1641,777.19055,-68.34918,1535.5651,772.35004,-68.17284,1525.5839,743.9702,176.17717,1522.8843,737.9085,-128.3364,1476.9862,790.8926,42.36191,1479.5166,787.4421,-45.809658,1353.4313,653.77094,343.45587,1396.594,708.06024,-240.30429,1158.5942,593.8712,503.98578,1184.8466,627.5192,-449.54987,1217.6985,732.395,521.0306,1258.2549,843.7928,-495.02643,1265.4802,738.5748,528.25085,1317.5452,861.8615,-527.52625,1284.4541,759.35016,480.76062,1327.031,847.21857,-474.18668,1271.6466,760.8756,498.26,1309.9651,838.86176,-469.10123,938.3851,706.04504,215.7945,932.14435,748.9609,-215.17291,593.4439,716.9431,190.21739,587.2959,753.76935,-168.99261,274.96045,691.53766,225.95839,247.3661,708.78955,-180.20187,220.24533,660.44257,215.053,175.65422,669.28705,-186.79227,251.5959,813.06146,96.06089,219.82693,835.69244,-321.05783
image_030.jpg,321.9775,762.1388,102.14544,294.9729,740.66833,48.41426,294.34747,736.979,48.31486,293.55536,733.31116,48.355713,294.99396,739.0526,114.71313,294.5515,733.9837,114.51538,293.85184,728.4999,114.14334,299.38116,700.4932,-81.754486,300.72263,693.4084,211.48714,342.03113,743.51184,64.73958,342.42606,742.9533,150.77303,420.1772,672.9823,-239.24814,465.0698,624.3852,355.98264,537.2963,743.1466,-479.1585,583.4552,705.7664,593.967,508.46716,858.451,-651.1647,562.1837,836.443,713.1419,483.35947,872.53015,-704.86584,530.7633,834.1334,744.3741,467.4808,860.458,-684.70935,506.94626,832.91473,691.25775,475.1897,849.15454,-643.88257,523.42725,827.19183,692.91046,836.26013,734.4291,-212.40201,838.50806,674.2422,212.49,1144.9995,801.67786,-229.465,1139.9702,764.41144,172.36569,1447.2104,808.3218,-254.22919,1428.3607,783.6261,175.8064,1514.649,784.63324,-255.27707,1497.1335,764.65485,167.37636,1466.7263,919.23505,-356.18076,1458.6372,900.4858,57.168747
image_031.jpg,1320.0363,505.97507,120.92198,1336.6653,491.71085,140.52238,1337.1663,488.5733,140.49136,1337.9528,485.3259,140.40262,1338.3429,493.79974,79.09859,1339.8445,492.2707,79.04932,1341.4186,490.63214,79.0016,1331.9774,459.37268,259.08148,1334.7931,469.62888,-22.561413,1306.0668,499.90347,173.26418,1307.8131,502.7373,90.8447,1206.7748,410.02484,434.31158,1267.6694,462.00528,-185.65387,1083.271,423.90906,777.5019,1170.3181,516.57806,-519.3865,1127.1526,510.99432,1028.2461,1202.3375,660.4516,-796.0337,1150.0795,510.30533,1093.2146,1238.7981,672.56226,-863.4171,1158.3289,515.5331,1031.0599,1243.4572,660.4695,-809.1032,1151.251,518.8002,1010.9628,1229.4875,654.4476,-777.06055,898.7415,476.8848,196.51129,907.3765,522.7132,-196.34201,644.904,542.4571,182.69595,643.3456,568.81995,-203.20807,394.06244,588.56464,212.3328,365.63873,603.3553,-276.09064,335.30664,575.6275,205.45413,302.606,589.9851,-289.14758,392.82697,671.5585,102.43967,370.29355,700.3781,-422.20642
image_032.jpg,1314.5461,557.36316,82.4342,1332.2971,542.90015,97.85773,1332.3114,538.90576,97.79466,1332.4205,534.5036,97.7115,1334.2646,547.76196,38.611855,1335.5765,547.3125,38.570984,1336.7511,546.53876,38.543495,1326.1346,511.39337,203.173,1329.2102,529.7628,-68.03964,1298.4489,551.4398,129.78569,1300.3977,557.7909,50.674587,1197.0508,454.31924,346.90967,1255.7893,508.22324,-207.80923,1054.4343,414.6013,655.1417,1141.2672,505.54782,-540.8483,1074.3291,500.19305,891.1498,1167.8407,644.9098,-808.3117,1100.2864,512.6149,948.7097,1202.6943,668.10895,-871.5823,1103.4938,515.95874,890.6201,1211.0264,650.47687,-811.6757,1097.1733,518.0209,874.74713,1199.1176,641.3757,-787.8443,891.808,493.76154,167.85204,898.5324,539.69916,-167.55208,644.5016,552.38696,125.728615,643.8837,580.7692,-146.72606,385.24408,564.19293,155.30424,366.5064,571.67413,-166.06403,332.6169,544.3609,148.4833,308.2596,551.32404,-171.73605,360.58966,637.6379,39.767117,339.64777,647.6909,-289.4011
image_033.jpg,339.50128,688.58344,43.549274,318.8426,671.89246,-13.065456,318.8214,667.99677,-13.258328,318.6022,663.613,-13.3825035,318.37115,673.2864,57.73723,318.2184,670.6548,57.68552,317.87213,667.53235,57.36394,332.08575,626.0491,-151.51576,331.14185,631.39014,161.74336,364.9675,677.1767,5.8321786,365.81833,679.3151,97.02582,457.37595,559.13184,-291.23145,498.7865,569.8035,370.646,597.58167,580.0686,-548.3783,675.94,596.1787,608.60974,500.4808,750.60785,-740.1824,683.77423,666.7603,709.6781,455.44623,778.02606,-805.2492,670.0928,682.8735,737.45856,446.22083,766.66614,-750.39197,656.33936,697.8532,684.80426,463.12775,756.4447,-718.5842,657.22705,700.15204,686.67554,897.87775,604.693,-201.20915,894.4517,645.74493,201.089,1219.3181,638.0377,-147.39848,1186.3054,680.32855,210.15852,1543.4855,625.3365,-111.39633,1494.0795,652.2431,291.78793,1589.7039,586.24786,-114.934685,1543.5524,621.34564,291.80994,1578.3872,756.8914,-297.24704,1541.4025,758.82605,161.15012
image_034.jpg,333.67447,839.21027,117.70924,313.36566,824.2843,59.094868,312.7867,821.48285,58.92911,312.06927,818.29834,58.84335,314.469,823.6686,131.5839,314.89313,820.65283,131.52682,315.21698,817.2347,131.27582,325.22113,790.7281,-92.73983,329.0851,790.72516,226.39816,355.21695,835.711,74.4476,357.02628,834.95337,167.52206,436.77847,740.5775,-269.7274,504.5041,700.948,443.21017,554.7392,722.8361,-587.0859,655.6424,711.91833,695.1188,504.38828,907.55743,-827.0729,606.33777,784.49756,866.4026,458.2626,927.13837,-893.61255,572.25336,778.03674,913.5156,451.24707,918.25665,-824.27264,561.8132,801.9511,869.8662,466.25793,909.6749,-799.9227,572.67957,808.3756,850.26434,874.0556,755.2232,-223.2953,882.7368,746.2267,223.26514,1212.4227,768.7256,-199.56271,1192.7601,769.911,183.86227,1556.0854,741.4785,-211.57178,1504.2717,743.5934,218.01312,1605.6106,704.19525,-219.39012,1568.3276,710.74146,213.14954,1591.7489,885.0155,-397.79715,1557.1494,861.3467,65.66851
image_035.jpg,545.91785,734.71783,-52.302387,519.4853,723.92096,-115.86492,519.8778,722.087,-116.04504,520.3615,720.20013,-116.22377,518.37976,721.1512,-51.780724,517.909,717.067,-51.821472,517.3947,712.5006,-51.98423,536.09564,685.45575,-280.88092,529.2156,671.7956,-1.6191024,576.2397,727.6404,-98.15158,575.2679,724.11334,-16.797928,697.7294,670.63605,-350.02106,674.85974,529.335,179.1943,915.5474,708.3335,-342.32468,845.02924,436.26874,440.1228,844.2016,871.48596,-234.33243,810.5562,577.9937,712.00354,802.2273,892.88275,-257.43594,776.32666,593.016,754.3043,778.8604,871.2627,-215.68668,761.85297,604.0863,727.24286,794.2712,857.6725,-211.20078,783.2657,611.62225,706.5647,1111.0338,631.81647,-181.33435,1093.9025,561.05914,181.31366,1412.6233,624.3224,72.08948,1391.617,585.18353,388.74182,1670.1254,586.81726,290.76535,1634.8816,561.2626,641.41766,1729.8146,563.4091,310.0259,1679.4703,537.7763,664.9821,1664.5933,679.0012,240.08958,1624.4073,649.03,632.08234
image_036.jpg,731.48737,736.00323,411.0832,703.04706,721.171,318.4751,701.5018,723.6816,318.3348,700.0891,726.845,318.16257,707.4776,710.10913,393.46408,709.2313,704.4097,393.44855,710.8761,699.45874,393.12103,711.845,716.26685,33.706753,725.1191,673.7709,369.46707,748.0745,744.40173,325.13925,752.87244,729.4964,422.00293,804.3633,754.5152,-169.78116,933.56366,571.51404,465.81924,874.9849,868.5689,-328.46866,1154.9578,539.04895,748.59863,826.87805,982.15265,-261.92938,1081.2448,682.8593,1037.2457,781.64154,980.52545,-277.31348,1093.4064,672.6218,1092.8683,781.7949,956.7851,-243.77763,1059.2109,715.0285,1048.784,799.86096,949.01575,-240.46176,1060.7085,709.22455,1024.4424,1268.6627,888.3173,-203.78497,1329.527,771.9052,203.30896,1635.861,1049.4027,-107.23564,1662.6589,935.8836,235.5055,1939.3666,1101.0402,-36.623116,1969.3977,983.7307,267.7566,1991.5569,1077.1694,-25.513647,2039.7672,981.615,265.94693,2001.3909,1189.72,-89.8523,2037.6313,1065.7272,128.37404
image_037.jpg,1432.4131,899.40704,-928.6244,1465.7644,864.9495,-898.4569,1469.3071,861.8993,-898.56683,1472.8615,858.5417,-899.12177,1450.8992,861.6874,-969.51587,1443.8491,855.2816,-969.8997,1435.504,846.58905,-969.875,1417.3843,802.66876,-673.8426,1359.5989,782.54376,-983.22644,1401.3206,907.04663,-826.67633,1389.6913,902.665,-916.0003,1301.9747,745.82733,-436.84024,1062.1885,761.5799,-875.6506,1131.0375,717.7296,-33.179977,767.91046,673.1367,-671.79114,1137.612,873.4925,88.43402,856.6295,901.5679,-459.93414,1168.3586,901.5761,68.85685,880.3754,928.8298,-522.25616,1176.4728,904.4382,11.449432,911.676,925.2255,-518.2663,1152.9362,898.13477,65.759186,910.2954,916.0682,-457.2141,893.1878,742.5785,181.1554,763.29407,740.6082,-181.16031,689.62866,752.5883,805.11774,577.47986,788.57965,485.27515,571.6309,762.4472,1447.2179,490.17236,772.41705,1128.2985,547.50653,739.8123,1522.4636,478.8715,740.1367,1202.9434,543.22345,850.48083,1563.2478,461.1416,858.2213,1206.251
image_038.jpg,1525.0768,918.76416,25.34698,1539.1578,893.85547,55.50549,1537.8495,890.3667,55.43345,1536.2338,886.7562,55.418888,1538.5225,895.3005,-19.073572,1537.0608,892.9628,-19.140152,1535.2145,890.5117,-19.113953,1508.5844,859.08295,208.42355,1508.0496,868.849,-125.75682,1497.6886,920.9578,91.111244,1497.56,922.94073,-5.927886,1353.365,809.1601,422.5873,1390.006,877.56995,-297.13647,1170.1915,753.8369,518.4188,1198.1428,812.68835,-459.2408,1209.2971,885.5879,468.39734,1241.9636,976.68634,-460.13733,1259.6179,908.3339,490.51776,1289.897,988.8046,-514.6297,1271.1533,916.6397,430.10312,1299.9916,979.97437,-443.44037,1256.4595,915.16956,439.51514,1288.5134,974.8842,-430.53503,981.36395,808.7018,236.83661,973.36237,850.57184,-236.21262,686.9408,847.2285,277.4803,669.8567,878.7039,-162.17252,433.1626,805.65796,387.0502,394.9341,833.0101,-91.537605,386.24136,778.1652,387.36588,342.1369,803.5276,-88.66225,417.52234,905.8764,300.2902,378.34894,942.6102,-204.82133
image_040.jpg,1535.8009,835.42535,5.338933,1542.965,807.85016,33.81447,1540.3868,805.2139,33.744675,1537.043,802.0122,33.765972,1541.3811,808.5323,-36.43338,1538.3209,806.7594,-36.5531,1534.6025,804.3318,-36.626408,1499.549,781.88544,193.51878,1499.5153,785.8886,-123.84574,1505.872,844.5499,73.78537,1506.1869,844.5763,-18.73528,1341.2063,773.4556,432.66425,1375.9264,815.52075,-291.24432,1156.7803,776.5885,589.4852,1186.1691,815.3138,-585.94073,1206.6843,893.5084,612.3234,1238.6025,985.12476,-858.8615,1249.5612,900.5084,654.36536,1288.6914,999.99835,-957.26843,1261.7798,904.62103,580.92194,1297.5045,982.4964,-875.6611,1249.287,905.6188,583.43256,1283.5929,975.5403,-833.3971,964.2121,777.8603,234.66595,960.93646,800.90063,-234.0789,674.15576,829.54486,230.63242,655.44604,851.8356,-189.00134,413.24512,803.7907,320.103,378.13666,834.02277,-164.4929,339.46667,790.1674,318.66415,314.39987,809.0097,-169.44772,412.9588,912.80695,209.39516,375.02307,949.97253,-320.75488
image_041.jpg,1437.5588,880.2493,-834.32745,1457.2258,844.73035,-801.45825,1458.5859,842.93945,-801.59094,1460.062,840.97046,-802.0749,1447.2823,839.1877,-869.80475,1440.4834,832.31036,-870.16736,1431.8672,823.5646,-870.16266,1412.3804,796.8829,-586.744,1358.6207,770.4317,-883.3315,1408.9989,891.60565,-739.6797,1395.7996,887.4167,-825.1441,1292.2308,772.39825,-376.7123,1060.6272,758.9876,-807.7322,1103.6825,738.6964,-14.425657,771.6862,683.243,-601.38446,1092.5559,891.9275,74.89141,867.705,905.111,-394.86172,1116.5868,919.062,56.333138,891.12805,934.51025,-455.50897,1124.0029,922.142,-4.0615478,923.039,928.7481,-453.9297,1103.8217,915.8206,51.075424,921.0289,917.96045,-393.3279,897.5353,730.59467,171.9562,771.74634,723.60315,-171.76785,688.04193,758.5529,783.9362,583.5099,791.703,457.20862,575.55566,752.82764,1411.4248,499.12595,749.13055,1080.2747,554.64307,730.3046,1485.5822,485.6725,724.74146,1154.6956,555.4688,816.75024,1533.9324,478.23093,814.7782,1173.1842
image_042.jpg,1502.5769,872.152,-869.9788,1528.7363,831.4777,-843.43555,1530.3712,827.9446,-843.6125,1532.8022,824.12366,-844.07587,1519.7698,827.3643,-917.99817,1514.2754,820.4637,-918.293,1508.2235,812.3252,-918.249,1476.9443,766.3869,-619.40485,1431.0073,734.4605,-950.0343,1469.9073,874.81757,-766.73065,1456.6276,869.00635,-862.3433,1332.8705,697.3833,-352.1977,1125.5741,703.8919,-879.06537,1182.1824,741.4787,34.943333,844.893,734.57837,-656.9052,1259.4001,851.2888,69.386665,1013.849,901.4942,-348.76114,1340.9077,886.26154,43.684475,1064.404,923.1612,-403.66922,1351.97,889.1942,-4.6706233,1087.9922,911.2251,-407.16287,1293.4991,870.6458,48.19434,1082.199,902.2015,-346.47537,908.44727,687.9575,195.89989,798.18085,692.18353,-195.45482,714.62994,722.7754,842.1102,634.82886,748.29333,469.5012,597.1914,738.33527,1498.6011,524.2494,744.08215,1133.8889,565.2992,718.5268,1575.6301,499.73065,713.1344,1209.6615,583.3138,826.47296,1611.4508,512.37994,835.1888,1197.0006
image_043.jpg,1474.2122,866.7072,-25.971735,1491.3676,844.5897,-6.2446537,1491.148,841.4167,-6.3125267,1490.6404,838.1521,-6.34097,1490.9337,845.947,-69.19121,1490.6354,843.6703,-69.22498,1490.2065,840.93915,-69.23769,1471.2345,808.9562,114.76076,1472.3934,815.5346,-170.51825,1450.5985,861.98303,28.842096,1453.0635,863.4281,-53.85603,1327.7107,752.3997,301.90576,1345.135,801.9163,-295.36514,1200.1543,727.9044,541.7087,1193.1129,784.1843,-504.29672,1206.465,863.4139,644.70654,1210.2932,953.8554,-649.9288,1234.8508,866.392,683.3016,1245.0201,974.82306,-721.5032,1241.0403,869.9174,618.95374,1256.1906,961.53143,-671.23663,1233.1726,872.4566,621.4462,1247.4413,952.36285,-632.2571,989.69305,770.26196,189.28876,977.15607,805.1525,-189.0585,756.75635,794.0749,271.31592,729.4276,823.765,-82.07477,562.54474,754.016,420.40512,507.84686,780.7056,34.36259,532.3251,729.51465,426.62985,467.2439,754.8224,39.795883,565.9307,828.5841,348.6236,522.656,865.7981,-68.935356
image_045.jpg,918.94464,871.82605,-800.32556,930.78625,857.6424,-848.8361,940.716,856.91547,-849.1941,975.20703,846.1124,-849.55383,900.5454,856.8968,-851.5978,891.27454,855.0901,-851.68,876.8722,864.49774,-851.83606,995.24023,828.27795,-841.1556,865.5193,829.72705,-851.6676,934.976,864.26843,-767.9868,902.7116,864.23206,-771.8688,1070.1462,773.486,-656.08545,788.7125,764.8186,-664.68054,1244.4781,709.8525,-621.78735,667.8797,749.00214,-546.74896,1264.7583,870.4463,-674.7648,621.07794,861.0026,-525.51666,1316.5225,884.77997,-736.83185,583.70624,896.3921,-583.6437,1276.4651,894.2084,-749.1683,593.1151,910.6983,-589.22546,1256.7665,882.18695,-679.0272,599.5926,902.1797,-527.567,955.3491,617.3355,2.5184004,827.2689,643.00226,-1.6151835,971.8456,671.8375,227.24754,752.42487,693.3819,226.7384,966.51227,705.12024,831.8433,766.73987,773.1808,823.0273,963.53827,697.1087,901.97516,768.7634,773.65784,896.4037,982.2939,768.3832,955.00806,781.9285,837.3728,973.5823
image_046.jpg,1162.7427,898.8693,-153.05019,1178.8423,894.68555,-141.75372,1180.0442,892.4938,-141.75648,1181.2765,890.2677,-141.87833,1176.8228,897.5919,-183.80507,1176.4006,897.44135,-183.82863,1176.0033,897.1123,-183.77216,1180.2393,873.43616,-61.390656,1172.3901,881.8211,-252.63173,1152.9573,888.5457,-114.67608,1151.6818,891.80164,-170.44107,1124.6467,813.02625,79.56133,1107.2698,850.8401,-310.9877,1048.0017,803.3816,291.63882,989.7869,874.3533,-332.82324,1084.9159,886.28217,391.10098,1042.9097,962.45435,-245.72365,1104.2578,901.5482,415.6575,1066.5623,980.5609,-278.76752,1113.987,913.0298,375.77454,1077.4784,970.90625,-260.15472,1104.7776,910.7499,376.17465,1071.2611,961.7275,-236.3165,916.0792,792.8901,139.1064,904.5588,815.52637,-138.93689,762.6352,801.97815,256.72156,747.8051,823.2405,-10.56388,625.2636,808.87274,408.4934,598.43616,823.7472,114.23297,610.0209,796.4652,420.9313,578.7808,811.27405,124.47869,604.7218,864.3753,394.7542,568.5763,880.2498,69.44893
image_047.jpg,593.83185,908.10956,-321.8505,585.42413,892.26373,-356.29694,588.0106,890.2134,-356.33826,590.8049,888.0757,-356.42117,580.29285,891.96686,-319.04184,579.3459,889.53516,-319.14206,578.5332,886.86847,-319.2916,613.1266,860.8934,-423.7776,596.1433,858.82837,-262.39874,614.9549,908.18286,-336.86923,608.85156,908.2594,-290.09763,786.1965,824.7188,-411.8855,681.9886,741.5067,-149.54865,976.88367,757.96124,-299.10257,777.5661,679.69586,67.77652,921.9504,887.87787,-160.51102,770.5756,782.621,238.13647,899.38873,916.3426,-177.49934,747.1957,795.3511,250.91638,879.563,907.50653,-168.37941,748.41644,816.04913,220.90022,883.6006,897.503,-152.92744,765.203,813.5763,229.76178,1020.48627,748.99304,-101.91749,966.5247,716.4718,101.65533,1211.276,723.1429,136.38092,1171.648,706.7108,308.83633,1371.7759,688.7192,349.98712,1299.0183,679.4474,569.0993,1406.3279,663.8152,370.24585,1319.3877,657.8541,597.22406,1366.6132,760.1934,325.10794,1316.1366,741.9262,611.907
image_048.jpg,1542.5791,794.08325,83.34477,1550.7356,771.60675,108.81144,1548.9153,767.7146,108.74458,1547.1515,763.34344,108.694115,1551.8026,773.76276,39.27631,1550.9034,771.9646,39.20345,1550.0919,769.7487,39.011475,1524.2366,744.65436,238.5745,1529.0823,755.1098,-73.862946,1518.8289,794.95435,140.28703,1520.0835,797.1632,49.320164,1369.542,724.3959,447.77063,1418.9719,778.286,-254.66066,1206.904,711.36865,542.46436,1244.3241,764.8854,-490.54144,1250.9773,857.02795,481.36505,1283.95,933.2338,-655.47723,1296.3917,861.89764,503.39688,1330.1053,952.5427,-733.66675,1304.7698,869.1564,443.2546,1340.6332,936.43726,-655.55286,1286.247,870.93524,452.9453,1330.5399,930.08215,-629.2683,1062.3988,757.56714,233.95444,1060.8629,797.6644,-233.70413,782.17267,784.8041,252.58742,768.9186,818.27,-208.88629,527.75525,780.0294,348.91577,490.68787,805.3543,-168.77663,485.65637,762.3368,348.59714,445.79654,786.1226,-171.09468,485.41025,887.68555,239.75912,455.99933,910.3679,-324.52423
image_049.jpg,534.30316,989.6454,-607.4001,530.6184,962.1074,-668.21185,541.52167,956.1278,-668.27216,552.6602,949.67523,-668.38416,513.33905,963.1765,-605.8174,511.69125,958.33386,-606.171,510.456,952.91815,-606.5569,602.0526,890.7518,-775.7899,545.5862,892.00543,-498.98883,588.0923,982.019,-627.1923,566.0135,984.6252,-547.21765,907.55414,776.0985,-675.0939,657.2859,639.44147,-383.24472,1245.361,624.396,-506.41605,819.58325,494.98853,42.56579,1156.775,890.2656,-285.46442,794.255,664.9615,324.98697,1135.9456,947.49384,-314.896,754.76886,698.2365,327.8831,1095.1077,941.2016,-307.18268,776.3609,749.64966,273.8369,1096.7574,921.01575,-279.5083,798.7796,748.58997,309.9963,1288.1594,581.3317,-156.5714,1137.1847,559.615,156.313,1506.5491,537.7932,379.8708,1360.7603,556.02106,663.7904,1670.9148,488.64114,868.5903,1517.4033,478.1824,1205.776,1691.5427,445.79718,919.328,1502.4464,443.95584,1268.8214,1677.6716,585.8095,915.0823,1528.5284,552.70197,1374.733
image_050.jpg,1490.3484,482.39053,-407.75702,1501.2051,461.889,-394.41858,1500.971,459.5476,-394.47766,1500.6145,457.0306,-394.66412,1496.7439,461.27258,-463.33633,1493.4846,458.48434,-463.4168,1489.6804,455.40247,-463.3509,1477.1333,434.60413,-266.06604,1462.646,435.77948,-574.9075,1467.4192,483.65558,-344.50354,1464.391,482.47122,-433.21094,1384.9047,401.69113,-53.279594,1329.8547,450.40952,-579.42847,1221.2694,433.68942,226.65913,1139.166,513.30347,-434.5769,1288.3613,517.47064,323.87515,1248.5653,565.47833,-145.60735,1328.209,525.6371,337.01318,1273.8607,585.8637,-165.69914,1329.7625,532.20856,297.98685,1295.9708,572.43,-167.6726,1313.3308,529.0845,310.6012,1289.1564,563.62036,-139.05154,1044.6847,442.20822,196.80939,1008.5829,504.07697,-196.69443,806.13446,447.60892,518.1036,774.76086,517.7079,92.61847,582.8867,388.44583,864.37866,539.38007,392.0679,421.83447,549.7886,354.49606,900.0726,506.11536,359.70932,460.42334,602.48773,430.39838,887.1216,547.314,445.5848,401.56454
image_051.jpg,1339.313,720.4899,-309.31274,1351.551,698.6892,-323.85236,1351.8322,693.88416,-323.84784,1352.0881,689.0532,-323.93542,1345.5778,706.04626,-362.19006,1341.5034,705.6608,-362.2959,1337.4487,705.44165,-362.27295,1325.4341,658.80347,-288.6431,1318.8213,708.5916,-461.00354,1310.7461,711.8381,-278.41934,1304.808,717.3778,-327.86557,1232.1362,568.87115,-146.99033,1153.9075,708.13525,-469.9304,1079.3367,484.40643,102.5081,952.25775,673.92163,-303.0041,1167.8522,579.36334,323.36356,1044.5115,756.6029,-40.978523,1203.4869,584.9601,339.3482,1066.5804,782.9432,-44.07007,1209.4677,607.0983,327.44162,1081.4469,766.0121,-48.47383,1190.7866,609.2828,324.80414,1079.7528,751.0215,-34.98211,882.8979,559.0505,137.8021,838.1747,624.6365,-137.80066,663.05475,507.21118,441.3177,620.1479,548.5266,163.24068,470.507,451.82422,769.9054,427.59595,462.44827,427.2537,433.92862,425.69772,804.9634,376.96393,427.40698,455.1638,461.29636,527.33984,811.569,414.0625,550.1009,419.27512
image_052.jpg,1185.0718,815.21814,-432.24774,1196.4465,802.9165,-471.17667,1202.3807,798.104,-471.24515,1208.1937,793.2173,-471.3287,1194.4006,833.3832,-482.35907,1190.4794,834.4405,-482.44824,1179.6791,840.1843,-482.55856,1212.911,757.97644,-497.35828,1146.5615,793.66614,-548.9285,1186.252,794.7195,-419.9156,1168.613,804.06323,-435.0842,1218.6499,638.4721,-391.418,1042.8821,739.61505,-467.94427,1172.9355,542.31195,-154.90836,944.6823,675.9577,-279.6935,1198.6538,639.5205,46.849373,979.47406,733.3772,-112.73596,1220.2804,640.7071,53.175156,970.5615,737.24384,-121.903755,1204.15,664.8187,35.556953,1000.6991,752.2143,-130.04787,1188.6893,665.6725,48.93548,1001.5473,732.8595,-110.55727,1022.0237,518.60895,51.852207,940.0761,567.52783,-51.503616,946.172,453.1189,472.03,866.20105,504.21805,326.8443,883.7504,394.325,932.4829,813.36926,410.57346,720.07666,864.3757,368.74203,988.9397,803.2624,379.66995,767.17004,884.5938,424.9272,1036.2516,781.6879,438.8976,794.1133
image_053.jpg,335.0156,981.9709,-584.25476,325.3205,963.5501,-641.037,329.94983,960.8825,-641.1204,334.80444,958.3012,-641.3246,319.0102,960.1117,-599.16986,319.1862,955.11346,-599.35046,319.22928,950.1013,-599.4428,369.51077,917.63837,-709.29095,338.87003,904.38837,-529.57007,369.3275,975.6861,-586.89417,359.75293,971.3194,-534.8972,591.3008,847.51526,-664.02997,410.69882,750.2385,-349.62622,837.8511,796.9074,-478.16705,466.10257,636.21173,13.985646,729.1644,878.33374,-194.93814,479.9272,720.8866,304.2454,692.2546,907.4457,-205.52615,458.6227,740.6326,329.81992,652.2438,907.899,-212.64897,476.59048,760.72485,300.92422,669.7892,879.79236,-189.97,497.0995,754.73035,300.61066,823.0084,668.2462,-135.5731,738.59503,624.4655,135.31319,966.3328,578.9611,385.6876,910.5415,560.96185,609.84344,1088.5442,470.66727,860.738,1035.8289,472.17227,1122.474,1120.5035,428.99588,914.8163,1056.8223,435.08267,1183.3561,1115.3384,550.5422,927.7117,1059.9712,550.56335,1257.6296
image_054.jpg,286.3721,852.97064,-584.395,286.13663,831.8879,-642.45123,292.3836,830.7354,-642.5877,298.72638,829.4871,-642.87177,278.54803,825.5706,-596.096,279.1418,819.72845,-596.283,279.94073,813.98816,-596.36566,345.89642,792.23267,-720.17975,314.04138,775.2522,-519.7234,325.84482,854.1776,-591.229,314.29333,849.9122,-533.15576,574.0487,765.7612,-680.3514,402.9676,650.4972,-328.15216,832.7083,737.38403,-461.03177,492.55554,550.77386,40.673466,715.4589,814.6346,-160.2646,523.91016,613.6536,314.4873,661.27875,846.36975,-176.71587,505.90485,624.24414,341.05515,618.7746,834.2591,-186.9689,515.82587,644.9128,303.5639,629.97705,819.31793,-156.21854,533.2952,643.36505,307.41406,829.70184,595.12335,-137.88075,745.68445,538.63275,137.8955,1009.74243,520.5415,337.88354,938.866,496.95007,588.6889,1138.9725,421.70355,831.8442,1078.7876,423.07736,1099.0756,1175.1627,386.14426,888.5051,1100.4436,392.87958,1160.6178,1152.2822,507.5696,906.2903,1097.9746,506.67584,1233.8275
image_055.jpg,1310.1146,1008.4529,-619.693,1331.2708,989.11694,-676.44696,1337.9746,984.4541,-676.76965,1347.133,977.42847,-677.251,1302.7867,994.0489,-688.293,1290.7191,991.95355,-688.6071,1276.0516,992.2376,-688.91644,1339.2563,909.3487,-718.08545,1214.7505,952.9349,-761.8718,1301.1697,992.7702,-605.85345,1268.2574,994.7464,-618.417,1348.5702,758.4579,-544.1922,981.69385,873.1995,-657.29315,1305.6382,740.468,-83.22728,764.72504,739.23785,-367.1313,1345.1577,884.613,235.60782,841.49585,977.83594,-236.16885,1389.625,893.55695,231.31267,828.75836,1039.1307,-299.06827,1356.6283,913.69385,182.35983,878.035,1032.2463,-337.37228,1324.6953,913.2678,228.15126,892.7257,1010.48035,-252.07248,1000.2743,570.98413,91.13768,868.6126,641.35187,-90.92336,930.1598,607.36206,729.8469,803.65814,623.8583,614.2914,865.6009,536.6525,1498.791,713.0421,573.3925,1337.9467,846.7721,505.2546,1595.2543,697.5325,545.89795,1424.4302,858.59283,612.01935,1677.3936,722.4966,660.59247,1456.3949
image_056.jpg,1581.6538,587.94366,-467.5617,1597.8557,550.45496,-437.30823,1596.3765,547.8298,-437.37296,1594.7859,544.8953,-437.62323,1593.236,546.6859,-515.5711,1588.8922,542.0748,-515.7331,1584.3029,536.31964,-515.70984,1549.0935,511.29623,-238.0227,1539.2676,504.8514,-586.6929,1546.7266,596.24054,-379.66193,1542.9164,591.1109,-479.368,1370.3191,519.38434,-15.420734,1302.639,511.794,-609.7795,1138.846,526.7257,317.5392,1001.4029,485.58316,-528.88074,1209.7959,684.6692,368.1223,1120.5519,713.5724,-358.77435,1250.0911,699.8715,358.81152,1173.38,735.5748,-404.16586,1265.0464,700.85974,313.233,1197.1049,723.9111,-396.81467,1246.3837,695.2838,348.36267,1188.368,714.4248,-351.07968,885.5484,586.33545,215.42831,813.3359,596.5023,-214.90683,650.0386,597.4998,713.0988,526.6364,619.9036,255.05115,456.4222,555.34607,1161.6201,265.56348,602.4065,706.43335,411.5292,524.8158,1208.7727,203.9966,569.7753,754.1504,450.77133,657.0436,1231.309,277.8547,723.89453,688.34375
image_057.jpg,1618.0538,727.6451,-519.3023,1643.338,673.8381,-488.78482,1642.4142,669.10944,-488.83603,1641.2731,663.6297,-489.20706,1637.7991,669.84576,-574.89935,1633.4106,662.5108,-574.9796,1628.784,654.1742,-574.85724,1586.4733,617.6566,-278.14557,1575.4951,610.9473,-658.8349,1579.2922,728.56213,-425.11316,1574.2772,724.89825,-533.40674,1385.6205,584.1307,-75.71191,1287.1742,583.2412,-640.6275,1131.0791,545.2994,321.47092,933.15985,519.2488,-499.83203,1204.9766,747.9055,434.02136,1037.4673,813.37915,-277.3735,1256.2891,779.0313,420.9344,1090.1146,851.28284,-308.88037,1268.1736,791.7137,375.2394,1126.323,836.6969,-310.06436,1232.5823,793.3091,414.84384,1119.6501,823.54626,-272.08304,810.1387,630.5853,239.29388,721.5253,646.99506,-238.93217,525.4262,647.30115,634.5781,400.05588,667.3867,226.63736,286.60736,585.72,1024.2655,144.88004,610.6852,636.3176,229.03123,516.7138,1065.9895,94.11587,555.95605,683.04333,273.92932,701.807,1108.0475,118.897995,737.86896,666.2133
image_058.jpg,1302.9835,695.8434,-594.5111,1321.0396,656.01917,-575.34973,1321.0647,652.45447,-575.51154,1321.4004,648.36804,-575.9258,1314.4921,653.6235,-636.5299,1309.8271,648.5834,-636.728,1305.0725,642.8065,-636.76324,1271.8506,618.6924,-422.9618,1250.189,611.1601,-689.97015,1270.0864,705.46533,-523.25714,1263.4691,701.2918,-599.7307,1136.2141,596.8238,-251.3154,997.60187,603.86316,-635.1815,945.6349,583.7227,71.07263,662.28094,594.3355,-520.25464,989.95917,752.532,188.56493,783.0643,829.3083,-387.01404,1022.93634,763.4127,179.60529,804.7329,866.2798,-436.46368,1037.7107,771.8854,147.87372,841.75494,852.5337,-436.11395,1030.3245,767.5316,177.07973,845.4301,838.223,-386.1733,773.8921,695.8732,159.76509,668.813,722.08655,-159.36787,610.25446,721.30865,637.7525,486.56708,759.5287,319.92578,478.18732,716.1651,1106.2318,322.34796,759.1232,821.78107,440.1053,695.2991,1156.6013,283.45557,732.23865,875.11743,494.32245,812.0879,1176.6266,314.57495,850.6027,843.96735
image_059.jpg,1448.3171,993.8107,-8.748265,1463.6792,979.87744,13.392588,1463.9308,978.1311,13.419172,1464.3153,976.4424,13.436569,1463.3093,979.9484,-40.297703,1463.3235,977.93787,-40.28139,1463.384,975.5054,-40.149834,1456.0535,953.8355,136.90556,1452.7969,953.5388,-105.65548,1431.2218,989.0427,44.12527,1430.8242,988.607,-25.968182,1332.9622,890.0839,268.8158,1356.3247,933.62054,-211.48184,1191.6194,854.46246,357.72305,1213.2834,916.1637,-311.52826,1243.8754,946.773,309.51694,1291.3033,1035.2855,-246.87181,1280.5016,953.73035,313.0998,1327.7415,1047.6559,-268.93652,1287.2963,963.7852,274.49408,1334.5955,1040.8713,-228.70091,1278.0824,965.2447,289.4909,1322.0004,1035.5497,-226.01807,1086.454,936.53235,163.49779,1085.9441,972.5599,-163.22923,871.64746,948.1947,168.5333,860.5466,983.91626,-137.04784,677.2899,924.2851,236.7864,661.0055,951.4073,-87.79303,653.0232,901.0752,234.62384,630.5505,920.9411,-84.09765,623.3961,983.2918,153.67247,601.93634,1006.22284,-161.8244
image_060.jpg,583.50653,864.98267,-615.0767,569.1149,851.19604,-654.2592,571.5071,849.0115,-654.27014,574.10754,846.5702,-654.4267,564.49194,850.0091,-616.06067,563.86694,846.7107,-616.21924,563.1953,843.0192,-616.3051,601.3916,803.4015,-698.9872,584.32367,800.93646,-535.7096,616.4757,858.04376,-616.8877,612.0801,858.8074,-569.79175,796.9643,729.1351,-672.512,657.7019,669.4287,-351.65045,1023.35736,677.2594,-560.8244,716.0868,591.61865,-43.392418,1001.01416,843.9158,-383.3461,699.444,691.761,197.37123,984.48395,873.0558,-421.94806,669.6931,706.7559,208.14835,958.676,865.7985,-420.80005,677.4067,722.76984,169.54024,960.02954,856.5883,-379.26413,697.12024,719.63025,186.83986,1031.8993,670.21545,-126.215416,960.7923,652.541,125.816246,1197.9644,658.23236,258.52866,1165.2928,633.8346,472.11343,1354.4252,602.0614,630.21216,1298.1351,595.9117,874.82947,1376.5896,579.8878,666.9436,1325.255,569.0698,918.5934,1372.2823,672.908,620.7008,1316.7815,660.24896,916.12805
image_061.jpg,597.0013,861.47363,-575.9007,578.1338,847.5817,-617.9436,581.22406,844.61975,-617.9319,584.84186,840.1401,-618.0723,571.64844,847.93774,-577.2615,570.6838,845.5052,-577.3751,569.8007,842.5949,-577.4548,614.2366,793.19495,-673.5621,595.9374,798.7605,-496.98676,632.2852,848.7342,-580.5482,628.0351,853.2767,-529.78467,810.4873,739.2803,-641.4877,664.23425,666.53406,-317.58163,1036.1312,679.5212,-550.7926,708.5208,597.1207,5.7237763,984.09656,841.2291,-405.26016,678.8555,722.1597,234.2464,960.7709,867.3119,-446.6301,645.9471,725.8571,244.32025,937.7502,859.9766,-440.73547,656.277,740.1821,203.59929,941.452,852.1082,-400.26614,678.1947,737.12134,222.71135,1038.6135,671.7152,-130.97137,962.64075,650.84015,130.70358,1237.7856,647.79266,256.39224,1171.9513,637.2815,473.8588,1368.2223,611.5685,616.61145,1320.0596,607.63354,868.8816,1392.1927,590.97424,653.0027,1347.5612,584.55585,912.30914,1387.5736,682.2087,602.0915,1331.1007,671.49243,904.7344
image_062.jpg,594.148,856.08655,-513.7494,579.17365,842.7426,-553.67206,581.8567,840.81445,-553.7072,585.0514,837.28723,-553.87787,574.00635,841.4417,-514.4217,573.38666,838.52466,-514.5026,572.9211,835.19464,-514.57434,615.8611,790.71423,-611.90906,596.1909,792.75354,-442.3421,626.27423,847.48395,-521.17084,622.0293,848.6355,-472.24854,803.2494,719.9273,-583.22437,667.8234,657.7746,-279.38135,1028.1329,678.69476,-499.00406,702.504,598.2592,5.596691,984.0076,839.2632,-364.83636,673.6401,701.2713,219.0593,961.57825,864.5782,-406.835,642.0533,715.90393,228.32758,937.3952,856.221,-398.13504,660.91504,740.89166,192.01524,940.4403,848.1545,-359.14325,669.16,738.6492,209.00941,1036.4398,662.93835,-119.97191,962.9029,639.7494,119.74317,1242.0209,637.3222,215.258,1183.074,633.71533,419.25137,1370.636,606.0439,535.14716,1311.7797,604.2491,774.5275,1396.2667,586.1631,566.8768,1337.5083,582.80225,813.6022,1387.9353,677.1141,515.1435,1327.6467,669.7759,801.6954
image_063.jpg,737.0164,867.3061,-225.1489,727.0091,861.7639,-252.5968,727.7835,860.3514,-252.618,728.5912,858.8515,-252.69713,725.7978,861.8461,-219.56721,725.56665,860.365,-219.61383,725.2152,858.664,-219.68335,737.5057,839.6097,-311.00314,731.51276,838.0968,-165.47778,750.73126,862.6324,-239.59628,750.5255,862.61,-197.50998,823.08435,822.8968,-312.9831,773.12885,783.4685,-51.241096,930.49854,820.40137,-279.67517,831.4562,789.0571,128.3753,892.6882,911.89813,-223.80734,817.1621,852.0923,236.02309,876.8127,928.5161,-249.54358,796.7155,863.0581,247.95468,864.9771,921.5433,-245.26183,794.8241,872.4354,226.25851,870.1676,914.7459,-220.66483,805.425,871.7428,229.33508,980.4689,788.1354,-93.46951,947.9086,766.6497,93.455246,1104.1976,787.8113,55.339085,1049.1165,777.0231,326.80032,1223.2063,779.27405,165.77754,1125.564,759.4584,562.3088,1245.9962,768.50085,175.39995,1150.1523,744.7208,587.08417,1220.4128,835.0562,116.32074,1133.8206,796.79736,595.64526
image_064.jpg,737.64264,881.9268,-231.21396,729.13007,876.1608,-261.63474,729.93335,874.8585,-261.61853,730.7424,873.3918,-261.65152,726.56226,875.2254,-226.91751,725.34656,873.1566,-227.0115,723.88354,870.7765,-227.11858,737.97534,854.8276,-333.02692,727.98315,851.5016,-178.74109,749.44464,876.4744,-250.38368,746.4313,875.57446,-205.95107,815.5881,833.45306,-340.88647,764.00525,790.84955,-71.229385,919.8366,822.4229,-305.759,805.89777,779.6074,135.82867,890.155,910.7264,-234.40411,800.874,848.15314,263.20187,874.26276,924.9966,-260.49472,783.44934,853.8551,277.5177,862.3358,917.5318,-254.44302,785.04626,857.9037,249.91934,867.9559,912.1437,-230.38591,795.40405,858.4801,254.64114,979.39624,796.0623,-103.66817,938.38336,776.93195,103.559586,1099.2313,793.20856,53.616673,1039.8074,778.7905,359.07413,1220.945,779.1301,167.7431,1121.1799,753.3395,620.85626,1243.8516,765.94183,178.3335,1147.3429,739.48206,648.52185,1221.5687,834.4725,113.97153,1134.1456,793.8663,656.78644
image_065.jpg,1455.8665,713.1553,65.67677,1477.2625,697.709,88.92823,1477.2562,695.4444,88.90478,1477.451,693.06354,88.85541,1477.9078,696.7994,21.754313,1478.2047,693.5542,21.68341,1478.5659,689.89966,21.721888,1466.0067,664.3387,228.33359,1465.1885,662.6744,-79.141266,1432.1171,706.4697,127.36267,1432.1791,704.1185,37.179653,1305.9875,592.4426,440.78397,1343.8218,649.5385,-231.73457,1191.483,598.67834,734.9793,1241.2701,692.83203,-576.0078,1233.9999,713.0567,936.1262,1256.9421,844.2723,-859.9285,1261.4188,714.00977,1007.88885,1295.1294,854.0549,-944.8468,1268.549,729.26776,940.0044,1300.554,843.44745,-868.2453,1257.6223,728.7974,915.86084,1287.7776,838.4816,-834.96967,981.8594,581.3236,209.53172,980.67535,626.1659,-209.28159,706.3118,630.99945,280.47852,690.89197,666.7289,-215.88144,454.34183,633.1637,390.8288,413.1378,665.04156,-256.46185,416.47247,616.0821,392.44385,356.84647,651.8969,-268.85992,461.3152,730.2765,291.82614,429.9294,771.2288,-418.93195
image_066.jpg,1453.001,847.085,-3.8413725,1475.1039,827.9406,26.020016,1474.9933,825.1304,25.925835,1475.2477,821.7516,25.892487,1475.6527,827.347,-46.13974,1476.013,823.81976,-46.2134,1476.5583,820.196,-46.293015,1461.6124,788.30194,186.09552,1464.3065,793.3779,-139.30397,1427.9714,842.78357,63.71907,1429.5826,842.09375,-30.524944,1308.5781,726.16754,404.356,1353.3098,768.9591,-297.40805,1138.0215,665.39453,544.60986,1174.8513,708.71436,-534.0698,1154.224,810.6367,497.40607,1192.8539,881.68304,-671.99664,1195.4763,822.7035,509.86423,1236.7119,894.9525,-743.2146,1212.293,827.0023,449.56018,1248.1355,886.37805,-682.9671,1201.0182,826.6507,468.2063,1236.7076,880.6386,-649.8002,973.33936,734.04694,227.94574,978.59106,772.56323,-227.51259,684.6729,779.7145,176.62057,681.405,805.77686,-218.19147,397.1952,757.6857,214.24657,382.29956,764.8691,-208.8079,337.7893,736.97314,205.34976,325.0007,741.86707,-216.23915,400.6039,866.9869,78.57849,376.1416,882.80035,-368.6438
image_067.jpg,1347.9761,942.26117,-758.14996,1368.0619,918.13605,-737.16943,1369.6107,916.0933,-737.1979,1371.5442,914.02826,-737.5514,1360.8436,916.5184,-789.262,1356.5813,912.85767,-789.4424,1351.6277,908.00464,-789.28064,1343.5693,880.3843,-553.10254,1309.6998,859.2962,-783.09973,1323.6938,942.6923,-673.1376,1315.9291,939.2918,-739.95496,1268.0437,788.318,-312.4984,1120.1245,817.0918,-685.904,1173.3601,721.7398,62.78542,916.55023,780.014,-518.2486,1193.5392,852.9,231.67557,984.98785,951.0844,-353.70572,1223.1855,878.5863,228.79501,1005.18585,979.16455,-399.4557,1228.3729,881.2799,182.33629,1035.457,969.3461,-405.20663,1216.4182,875.0787,215.89438,1030.8726,957.55255,-353.3205,984.6421,766.46814,150.09311,905.8383,790.02563,-150.09842,729.30554,782.15533,464.9627,659.5049,812.79004,214.13182,579.043,761.0937,850.77673,504.66223,774.15424,573.354,543.1442,738.4104,895.25146,483.3046,747.8907,615.02374,559.95575,839.6227,884.0641,490.69165,864.9269,563.12756
image_068.jpg,1540.4564,740.2327,592.0792,1549.4718,721.6444,626.91406,1547.2832,720.3202,626.71576,1545.585,719.1781,626.514,1553.8945,721.0808,568.476,1554.8025,719.1875,568.3998,1556.0664,717.2919,568.0515,1528.878,700.0179,714.13904,1546.404,699.17035,444.70984,1524.0662,741.4247,621.86273,1529.0026,740.4445,542.79974,1413.1956,643.68774,731.8002,1527.6443,690.143,162.7581,1281.291,647.1925,889.16473,1438.5396,683.8618,-281.9988,1237.5698,701.4712,972.0094,1464.3169,821.31793,-578.9003,1198.6477,690.24713,998.4464,1494.041,834.1282,-612.7466,1215.529,697.3889,982.88293,1495.0472,823.44006,-571.5565,1227.8091,697.81464,964.36285,1482.8391,818.1683,-562.14276,1141.6814,686.54956,173.19656,1219.9263,721.2049,-174.13878,887.7066,785.79126,-199.83885,941.18494,793.6249,-500.3579,564.6519,791.48517,-572.42053,585.5362,784.3147,-875.2039,500.63763,774.15027,-624.21844,509.53073,762.62494,-911.08203,564.87555,930.75507,-785.13385,569.8927,914.933,-1069.9462
image_069.jpg,997.5403,995.28436,-302.94724,1013.78986,979.72577,-350.1606,1026.9758,973.6272,-350.4558,1040.8518,966.8146,-350.76996,985.7158,981.2026,-363.9686,976.4753,977.7163,-364.13687,966.43365,971.9079,-364.36053,1072.0464,925.64056,-408.93732,940.19666,926.2482,-467.91202,1009.284,985.39044,-301.59378,977.49194,984.14307,-317.90338,1131.5049,793.7159,-364.01874,821.55804,786.15497,-402.93518,1252.5481,697.6365,-159.36717,664.03894,698.84436,-218.91768,1177.2476,889.05426,-67.711205,738.33453,891.83405,-127.13253,1199.0209,932.0608,-88.034134,724.74866,927.18097,-152.82489,1168.5706,931.14746,-113.333626,766.0257,923.89874,-155.6078,1148.0979,915.5811,-72.96432,776.3349,909.0828,-124.548386,986.4308,639.96716,22.112232,870.5667,636.6171,-21.81957,957.6139,619.04224,434.5199,859.4877,627.6704,437.73383,925.17523,569.9093,969.18835,864.66565,590.888,954.9442,914.4256,547.52435,1036.0332,866.9079,575.8166,1015.81006,915.84656,624.09973,1127.3741,859.0503,639.44934,1097.066
image_070.jpg,579.96356,929.19977,113.85423,574.2632,916.8972,78.94208,575.2541,915.36194,78.90073,576.14307,913.6994,78.87163,574.11676,916.374,129.40161,574.90125,914.62946,129.43266,575.5014,912.5994,129.2933,588.22284,902.5565,-14.56333,586.76,898.4771,207.1725,595.0217,930.23895,85.85049,594.4386,929.5658,150.15256,659.0111,908.5277,-153.99751,686.3541,848.30493,349.07245,762.4862,875.0724,-337.58838,785.0152,813.1609,477.69055,757.72595,954.8946,-482.4111,783.31537,892.0509,564.75635,733.54224,963.68774,-528.7357,762.68164,900.4394,600.809,727.1874,959.05096,-488.45547,756.2517,908.8567,569.2669,734.05927,955.95886,-468.42288,764.46484,909.696,553.6277,912.184,880.50073,-172.14711,910.69476,837.1058,172.31392,1114.3137,883.7797,-229.40738,1098.4615,847.0713,230.40915,1303.4258,890.2564,-317.69812,1258.0608,835.45386,278.11816,1343.4114,873.5564,-328.91806,1297.1066,822.8159,278.78522,1318.6827,961.69226,-436.65884,1271.1545,895.6232,226.24988
image_071.jpg,577.4186,915.0928,60.135376,569.4164,902.71466,24.033142,570.5444,901.36005,24.018848,571.9327,900.02563,23.992266,568.8905,901.62866,76.51206,569.48596,899.5176,76.49276,570.4367,897.12,76.389435,586.32697,888.6071,-71.47604,586.56116,880.97406,160.88152,593.6046,916.3073,30.83116,592.43207,915.35474,98.24027,664.75183,901.2814,-204.8632,693.58386,837.9867,308.01483,776.78094,884.1416,-434.65073,799.13873,809.5659,466.79022,749.9053,961.3151,-626.377,776.28064,898.3982,596.999,727.38794,969.1871,-681.59064,754.9338,907.2622,643.9015,719.6869,964.52313,-625.8788,750.4286,912.4672,611.70325,726.3303,961.5763,-608.47546,758.45245,913.8422,587.7618,922.20624,872.45154,-177.90906,923.2915,835.3123,178.05713,1103.3047,920.8011,-183.40617,1098.6477,898.2725,163.22998,1281.7802,903.83813,-147.95116,1267.3608,887.09216,212.731,1298.7991,880.6682,-141.18152,1284.4637,854.47455,213.52391,1347.9706,932.4821,-192.2055,1318.1866,916.91626,146.39816
image_072.jpg,1304.5143,991.901,-14.087257,1316.4658,977.53796,2.8640819,1316.2743,975.72504,2.8173835,1316.1857,973.49133,2.7975328,1316.359,976.9178,-35.67491,1316.079,974.7918,-35.72276,1315.8971,972.26324,-35.70154,1305.5184,952.45624,98.46307,1304.4637,954.9634,-76.52474,1289.8273,990.52496,26.71838,1290.1538,990.0094,-23.969578,1209.4032,900.7118,202.50417,1238.7673,941.7422,-153.17218,1096.5663,891.3062,289.80972,1130.7561,941.05743,-296.6407,1118.695,965.06146,301.6656,1149.5458,1025.149,-371.94855,1149.3899,974.1288,311.40326,1177.7928,1032.0192,-406.24564,1159.0736,977.7539,278.2719,1181.9558,1025.5154,-362.5889,1147.0809,976.78906,287.23495,1173.7745,1021.95184,-355.19904,970.1409,922.48224,114.68603,975.0969,958.0385,-114.30269,769.0435,935.94366,96.30605,766.93335,957.1145,-100.031265,580.97076,920.81555,124.57028,571.2967,933.37524,-86.87557,538.94116,908.29663,120.032616,525.96295,920.5654,-87.958176,577.2607,1002.88477,41.344597,567.906,1014.8069,-167.21864
image_073.jpg,1458.3373,761.02686,-46.748928,1471.58,730.65356,-15.114509,1472.1707,728.7164,-15.263116,1472.7676,726.9386,-15.384373,1465.7859,728.9794,-89.40304,1462.375,726.0927,-89.42184,1458.6411,723.33154,-89.50133,1449.8622,708.5992,154.59749,1430.2238,706.56604,-174.55655,1436.6078,770.8931,28.429499,1430.9438,767.26666,-65.9337,1297.7169,669.979,376.49615,1309.6699,726.7844,-365.5017,1115.9095,631.9221,466.23102,1105.3185,677.5484,-374.98502,1075.2621,743.93774,378.64664,1083.1761,810.13855,-141.80559,1057.2936,764.0757,371.5599,1075.4856,843.7388,-164.97073,1073.2238,775.21576,329.11093,1105.5236,846.9281,-152.41565,1078.14,769.94025,352.98935,1107.9562,833.4825,-127.99882,908.7751,677.47614,233.97437,897.10486,728.19257,-233.87363,604.965,681.6175,318.14203,597.9031,727.0873,-164.09122,332.57602,668.65985,443.97122,315.90845,705.0659,-33.896877,277.82977,626.9701,444.84695,263.50467,648.69995,-22.378704,306.48175,763.8011,359.51987,267.3489,799.8214,-152.6139
image_074.jpg,1467.9612,832.8219,-90.662155,1480.0868,804.75446,-67.92372,1479.0674,801.995,-68.04503,1477.7611,798.97174,-68.29911,1475.1931,804.9438,-141.8203,1471.1753,802.5723,-141.85963,1466.9027,800.0834,-141.94502,1449.607,778.3866,55.135796,1437.367,784.86163,-276.3769,1442.1602,840.7237,-33.01916,1437.1864,839.1901,-128.40804,1296.6536,749.53876,238.88028,1283.335,803.26886,-381.47787,1093.8762,701.95435,551.92395,1067.95,728.9703,-390.8677,1063.3618,845.4896,729.93384,1042.1604,908.72626,-319.24225,1071.1793,871.3361,760.93604,1048.7872,939.81055,-368.55676,1085.6057,887.8643,699.49243,1071.3246,937.06635,-342.97992,1080.359,882.9778,707.3711,1071.0328,925.7816,-306.41257,874.9537,756.6401,186.39009,863.0238,812.92975,-186.3374,588.03723,760.49133,334.62897,570.8944,789.83167,-19.154894,337.80362,747.61456,546.32874,320.06305,776.518,188.14897,261.79,706.26605,561.9479,234.6956,756.2677,209.07704,291.82776,839.0379,498.22867,282.0826,887.92725,116.11468
image_075.jpg,1528.9629,776.7289,-171.72057,1536.8254,744.3292,-136.50157,1535.912,742.33966,-136.48326,1534.6239,740.2979,-136.67624,1529.8896,743.23364,-225.69641,1524.4159,740.4888,-225.7693,1518.8717,737.7446,-225.78114,1502.4949,720.75916,43.860367,1483.2156,721.4276,-355.82812,1505.0658,789.41675,-93.002,1495.6963,786.8364,-207.99393,1341.0677,689.4934,248.80365,1323.2627,754.3632,-490.8994,1132.8304,624.47363,490.99072,1095.1859,658.13947,-437.38712,1088.3867,747.57404,561.2126,1062.1978,828.28375,-147.08032,1088.9932,774.0209,573.896,1058.6078,866.49457,-168.27777,1095.0847,790.1954,524.1045,1082.9211,872.3907,-146.89047,1097.687,777.71063,537.68915,1085.667,858.87604,-128.02551,906.71106,687.5453,247.50105,894.35767,742.2927,-247.49696,607.6958,676.9752,394.24002,600.96014,768.7161,-95.22681,341.70377,672.08514,599.9772,321.4104,728.18634,113.73812,281.7632,647.29376,614.2653,241.07352,714.31055,135.78418,319.45926,772.2567,560.4212,277.20996,853.1588,44.127415
image_076.jpg,1355.7806,1017.5221,-1205.2056,1394.9917,978.3187,-1229.2144,1403.5819,972.4573,-1229.4031,1410.1243,965.3926,-1229.9213,1371.6465,993.4391,-1276.7692,1368.3813,991.6667,-1276.9745,1365.1416,988.7967,-1277.0856,1415.0197,872.98785,-1125.2302,1293.3701,872.843,-1335.7244,1344.7229,986.7696,-1131.9585,1315.9395,999.6673,-1193.3613,1391.2618,601.185,-851.6727,1056.1313,734.3655,-1121.756,1247.5065,421.0834,-308.11127,794.23865,638.2508,-872.8779,1308.2823,549.4197,66.24109,599.5271,787.3422,-720.2422,1330.7472,543.7055,84.67135,564.7572,842.29346,-785.8304,1313.496,582.6785,26.596443,613.90015,891.95215,-780.39813,1292.3848,592.754,59.71545,645.25037,867.4687,-714.3794,1017.54407,551.57513,116.24936,844.6354,596.6708,-114.79649,964.0244,538.8801,599.9864,552.59186,577.901,386.45026,948.0644,452.7356,1193.2843,405.6489,601.0176,1079.7383,927.75397,421.97607,1273.1133,388.10596,589.538,1167.3911,973.4175,521.6499,1380.5717,342.2246,700.1745,1242.4231
image_077.jpg,1279.9795,910.60406,-870.34,1327.7788,871.10364,-893.081,1347.2113,866.1537,-893.41956,1367.707,847.2867,-894.00024,1295.2246,889.5122,-935.2897,1279.6017,885.8059,-935.43774,1273.165,881.28516,-935.57465,1339.825,740.84924,-815.0162,1232.5814,774.2668,-1000.5042,1290.382,836.38495,-810.5267,1261.9382,839.75604,-864.7602,1279.3076,509.6921,-595.22034,954.8188,651.4915,-888.87683,1107.8147,372.2411,-99.50923,677.9094,603.23694,-673.12256,1096.4524,523.6407,229.31447,486.72278,732.01855,-570.3877,1105.5409,526.98114,251.9303,433.39667,778.83844,-640.1989,1087.8594,575.60974,181.31816,475.2328,822.10034,-649.3398,1069.6953,579.2177,217.41003,502.4668,798.1537,-572.7298,883.8637,449.90155,122.01895,705.9206,489.55756,-120.662674,832.9577,559.284,571.2319,419.0547,524.6152,244.37132,740.0056,606.43915,1067.6188,284.3426,607.7754,860.1086,704.2492,595.81586,1136.0706,261.47366,600.3905,938.27985,755.5836,713.6645,1265.6666,250.12547,731.4274,1008.14667
image_078.jpg,1520.8912,975.8267,-400.9934,1541.2175,958.43085,-382.17197,1542.0369,955.4572,-382.13434,1542.9657,952.24817,-382.3369,1539.0554,957.3392,-454.5299,1538.2827,953.7173,-454.56747,1537.4343,949.6118,-454.44748,1530.3528,922.73334,-231.36436,1521.57,919.4828,-557.79175,1497.7035,964.67175,-327.25598,1495.8418,963.91113,-421.65298,1438.7994,819.2083,-24.746021,1384.513,885.1681,-603.2123,1289.2168,747.347,422.5376,1199.932,822.37067,-630.56976,1321.5873,887.92163,621.249,1235.5245,996.3078,-529.9424,1351.0259,907.5513,641.1532,1274.782,1019.99445,-593.3365,1349.9608,921.4346,578.4597,1290.1555,1011.0772,-572.678,1340.4353,921.4391,598.6482,1283.2554,1002.4857,-518.19635,1076.7825,820.1769,217.76654,1038.8849,863.0662,-217.87178,872.4188,817.4316,637.28156,835.2856,855.0564,259.6033,686.4761,791.3727,1102.0808,638.1817,814.4688,705.15906,649.11273,772.1908,1151.379,605.94995,792.1139,752.7207,690.2311,866.0866,1156.8602,647.39514,888.4473,718.2191
image_079.jpg,849.02655,738.7829,-282.03207,838.9848,732.5547,-303.67218,840.75824,730.28705,-303.62305,842.64233,728.0119,-303.649,834.35333,735.56616,-281.41913,832.5726,735.32184,-281.54492,830.7531,735.0861,-281.6791,847.6413,712.10516,-335.21652,829.8553,721.83777,-237.13776,862.08984,731.2895,-285.44067,857.51874,735.6475,-257.1826,916.4337,669.5172,-308.3351,850.0581,662.6419,-160.7867,1014.1996,684.5379,-291.6355,884.5492,675.2061,7.036965,981.6286,758.3793,-280.21472,881.5985,736.8794,70.47243,970.27814,771.241,-311.8518,866.2724,746.11584,70.00653,958.9202,766.7543,-311.4549,869.92145,752.4591,46.51538,961.0341,762.95624,-281.55542,881.3578,750.42694,61.893555,1035.329,635.5952,-69.49085,1004.943,627.2046,69.23469,1109.7727,632.54584,186.67767,1083.354,626.56744,275.14658,1170.1309,631.5807,408.94662,1135.1459,625.2306,518.3743,1182.3043,620.5483,431.92953,1150.3744,616.48157,545.24963,1169.0997,668.05743,398.51602,1143.014,663.23834,533.98364
image_080.jpg,854.862,653.5771,-255.77446,841.8649,648.76184,-283.7606,841.73987,646.0852,-283.72418,842.21533,643.3908,-283.79404,841.40985,652.38885,-254.76341,840.8219,652.111,-254.73497,840.42896,651.77795,-254.88434,844.2036,628.1891,-331.02756,840.22943,639.3816,-203.13983,866.89264,638.5788,-263.6146,865.48584,642.4652,-227.02563,910.01636,584.3291,-328.49268,857.0152,598.5092,-94.65075,1000.4921,583.1444,-333.1475,886.4967,592.5083,156.61028,930.60425,639.61084,-289.76038,859.16327,637.6205,345.1727,915.20685,649.0283,-318.02933,844.24817,646.22955,363.96585,905.3627,643.1381,-308.06143,846.2774,649.7015,344.1994,911.8606,637.606,-286.00223,853.8694,648.35297,340.57794,1038.2534,539.0364,-83.914925,1022.3042,530.03845,83.88446,1069.5187,539.6964,315.59424,1061.3055,544.6097,448.36017,1109.0258,539.7935,672.028,1089.1444,545.6108,828.0184,1105.6301,530.41583,712.2014,1087.7386,536.98773,868.77673,1119.5571,560.2801,679.4092,1101.4406,564.319,847.49756
image_082.jpg,1068.7789,528.98505,-656.47125,1082.5308,510.47153,-662.8385,1087.2823,509.13632,-662.9212,1091.2716,507.92764,-663.164,1062.5767,509.54285,-679.1502,1052.0875,509.26437,-679.2297,1045.4404,505.6287,-679.195,1087.3455,494.05005,-585.29095,1013.5936,480.80283,-650.4678,1062.6105,536.71936,-612.42084,1046.8956,537.0117,-631.428,1098.9926,465.62137,-441.5585,914.0822,463.85657,-530.1,1138.9916,501.17532,-242.33087,772.7564,458.28998,-430.28033,1103.5422,594.6069,-100.56343,815.2239,588.9154,-407.33496,1122.1877,616.0636,-120.09792,816.9998,616.31824,-450.28253,1107.6531,611.7112,-140.33263,843.21106,613.42413,-471.69073,1096.7793,604.07043,-106.18627,845.09247,604.5566,-416.55692,919.7663,471.12646,56.43101,851.3768,468.25937,-56.144913,858.20404,467.4671,404.05927,778.4845,478.18176,297.52304,788.16296,443.04907,833.9686,743.785,438.3064,709.0953,771.6364,427.31625,882.736,740.0961,422.1741,757.9032,776.498,478.35077,880.53595,731.64825,464.01822,744.8787
image_083.jpg,1045.203,652.7964,-603.1452,1054.4584,637.3232,-614.7459,1059.5403,634.53076,-614.8244,1065.0581,632.0615,-614.9735,1034.0342,642.32416,-625.0462,1024.44,641.39105,-625.12134,1015.8813,639.5252,-625.09314,1047.1925,608.5612,-563.4776,992.9811,614.5224,-603.9571,1047.403,650.9107,-570.2207,1027.449,654.3746,-581.7252,1078.4867,551.2645,-423.15555,907.3654,571.03015,-476.36084,1137.4585,538.9121,-190.6548,800.2085,566.1984,-296.14752,1106.3507,633.04877,-43.64562,805.8333,643.3462,-202.68433,1128.3058,653.7401,-51.572662,802.1255,663.05597,-215.93936,1112.3698,660.93256,-70.98275,826.4462,665.00507,-243.56961,1099.6832,656.2082,-46.314682,832.9101,656.2215,-210.75912,929.19305,518.6746,40.9931,854.1545,529.3017,-40.36544,885.06934,511.77072,360.64267,796.17096,525.3865,273.7211,852.1361,477.92755,788.2934,769.9036,480.20108,677.42194,843.6266,465.7748,837.3838,770.7378,458.49997,725.73676,848.81946,498.9318,854.6011,775.6297,489.275,730.17755
image_084.jpg,556.69904,483.9331,-458.68976,574.24615,483.60535,-455.52472,577.5624,487.59805,-455.60437,581.00543,490.38657,-455.74915,566.48553,471.8625,-478.7866,563.159,463.14893,-478.85583,559.94354,454.01367,-478.73767,584.5544,477.33466,-372.42447,552.61145,419.26715,-474.26767,546.8314,477.428,-416.15292,533.2371,467.57886,-445.79123,562.2151,404.7567,-223.53003,468.93823,416.30194,-417.37714,535.6766,451.19815,-26.81546,374.98288,479.80728,-315.9829,553.30066,495.07324,72.61394,442.3944,515.16547,-204.87335,575.85345,507.615,74.30038,456.89383,524.32745,-232.98795,573.13776,499.99866,54.67678,473.56763,518.7611,-237.8605,561.3347,498.25238,66.45394,473.1068,512.823,-206.43976,394.04333,389.8349,76.93617,346.39246,393.855,-76.64279,303.8718,432.1031,276.65738,249.2348,427.31763,133.56357,224.76306,416.54388,538.372,181.70013,412.33694,367.69553,211.44763,401.03357,567.23016,166.31705,400.2555,394.4365,199.04442,458.4444,578.05536,162.26707,452.45792,391.5454
image_085.jpg,771.5173,392.59366,-511.32483,783.2571,363.38135,-497.8991,784.19147,361.37006,-497.97873,785.2052,359.2523,-498.35358,777.01025,360.35153,-534.69745,772.8794,356.29703,-534.8354,767.96466,351.68756,-534.8332,756.9639,332.65857,-379.1437,723.86017,318.7608,-538.14856,754.7574,402.32202,-454.8124,744.9781,397.52676,-500.86597,671.1104,290.2628,-222.31119,552.69104,287.48102,-476.4992,564.0073,278.81723,-9.562881,324.3977,287.6836,-383.13898,629.12,405.16327,57.687786,348.0792,467.83447,-329.19608,688.8358,424.87653,42.424698,371.36435,488.693,-375.47656,685.5491,429.52716,12.833412,393.21906,483.57913,-377.17026,667.60443,420.3251,45.86062,387.42737,476.52927,-331.30777,404.6843,308.6274,108.95912,341.32993,307.20868,-108.485405,224.75691,337.57996,301.3016,165.05324,350.00082,85.422104,115.50955,336.28848,541.11993,52.738785,338.01663,311.57965,91.25568,322.3493,566.78625,12.799335,306.7352,337.22812,87.10885,418.9758,560.08307,3.8111484,413.51926,296.53168
image_086.jpg,147.47482,646.9083,-33.80592,124.10156,625.43677,-92.8685,125.13502,621.82605,-93.00686,126.255066,617.8423,-93.19641,123.43164,625.2414,-15.877019,123.726326,621.5135,-15.701949,123.80142,617.2866,-15.80509,148.81285,584.4111,-222.23262,144.9046,584.6938,111.79988,176.31335,638.72406,-70.50555,175.37512,640.15875,27.376871,309.07077,553.45483,-361.00836,307.19952,543.8079,358.0312,500.05374,546.0192,-463.7097,486.94583,542.0834,510.67606,438.99115,702.94653,-456.66568,429.3826,663.9478,547.0075,421.99475,721.06366,-508.52075,410.7699,682.28357,576.16614,402.0574,714.2883,-460.1425,406.43085,687.92816,525.5211,405.73328,707.41925,-435.06958,411.44473,682.314,524.1226,731.0146,560.7394,-226.23494,723.818,539.4397,226.83969,1067.2849,603.6096,-189.05913,1043.2675,584.1161,211.77356,1402.9218,627.7037,-163.3134,1322.6292,621.7833,282.6883,1451.3127,606.8293,-167.98972,1395.6736,599.9655,281.40408,1394.253,754.32916,-323.01135,1357.4764,731.2529,157.9842
image_088.jpg,75.54678,234.40129,-203.11969,75.89724,225.49352,-215.85452,77.16703,224.49773,-215.87221,78.49657,223.43016,-215.8914,74.35627,225.88306,-194.67915,74.45733,225.07594,-194.68913,74.588486,224.07135,-194.64017,88.40674,218.02965,-231.13307,84.47691,217.33339,-137.20451,83.45431,237.15146,-205.67094,81.22441,238.11113,-178.5348,128.00275,239.94145,-267.8987,119.39606,206.35143,-40.475525,151.79187,282.59958,-397.1488,137.14758,190.32037,168.4347,151.03319,341.13382,-509.893,148.2964,168.68417,398.71658,142.6585,351.4318,-547.2152,151.15459,161.72443,439.33496,137.06392,347.81848,-537.4166,149.95526,162.92601,433.6562,140.49648,344.33636,-508.64423,150.55626,167.962,405.05148,227.64505,237.93881,-74.27866,221.78766,218.93582,73.90672,286.0712,240.5857,82.41549,281.38962,224.46222,233.36635,348.96765,218.0204,225.16418,334.21878,211.98755,404.19434,366.2732,209.79877,241.25061,348.55106,202.78448,422.235,354.1345,252.35695,215.89882,346.43207,226.25888,417.10355
